Production Budget,Domestic Gross
110000,10000000
200000,8000000
100000,3000000
245000,11000000
3900000,9000000
379000,2800000
558000,900000
672000,10000000
200000,2000000
439000,1438000
325000,2500000
609000,1782000
1500000,163245
1300000,2868000
1488000,184925485
2000000,4000000
1644000,4000000
1500000,9000000
2777000,33711566
3900000,198680470
2000000,9172000
1288000,6000000
2280000,83320000
858000,102797000
134000,4000000
1039000,10462500
2627000,5363000
2361000,3500000
5200000,2000000
2160000,9132000
1250000,11000000
1500000,7000000
3180000,6600000
2000000,24464742
2100000,23600000
6000000,20400000
2000000,7800000
3700000,2956000
3000000,9012000
1600000,5400000
1000000,7800000
2900000,85000000
3768785,8000000
8250000,30000000
1200000,7000000
1800000,8000000
2300000,11000000
730000,8000000
4000000,36000000
2540000,7200000
1250000,2500000
4000000,87400000
1650000,30500000
210000,5000000
5000000,36000000
658000,23800000
5000000,15000000
910000,9600000
5000000,28200000
1200000,7000000
6000000,12500000
4500000,10400000
4000000,14400000
1000000,9000000
13500000,80000000
6000000,42000000
500000,271736
1200000,2000000
5000000,11000000
3000000,33300000
3000000,17570324
5000000,11000000
3500000,12800000
2883848,25000000
15000000,73000000
4000000,21750000
3000000,18600000
3000000,10400000
12000000,30000000
12000000,7900000
4000000,8200000
3000000,10000000
2900000,5000000
2000000,7600000
6000000,43700000
3200000,8000000
2000000,9250000
10000000,39100000
19000000,13680000
4500000,3500000
15000000,37495385
2000000,13129846
17000000,10000000
2686000,6600000
2500000,10000000
1000000,37600000
9400000,46300000
1000000,16067035
4000000,11744471
42000000,57000000
19000000,4750000
1800000,9164370
2000000,24800000
6000000,102300000
17000000,72000000
560000,1537860
3000000,51100000
8200000,163214286
20000000,15473333
5800000,6800000
3800000,14873
11000000,111721000
9000000,63600000
3500000,12000000
3000000,13000000
15000000,34562222
3900000,28350000
3500000,13000000
200000,3500000
2000000,24379978
12000000,22744718
9500000,43100000
600000,4300000
1200000,6100000
1455000,2620000
114000,12000000
10500000,56700000
1800000,6800000
747000,44566
5800000,33395426
10000000,37402877
3200000,33395426
20000000,8000000
3600000,44785053
5000000,5321508
6000000,509424
200000,13500000
20000000,31678778
6000000,102308900
24000000,33208099
8000000,22800000
4000000,6000000
22000000,5000000
12000000,62500000
11000000,2200000
3500000,81600000
1000000,9000000
600000,34505110
3716946,3500000
3000000,17489009
18000000,24911670
25000000,29548291
9000000,80500000
6500000,12376563
2500000,12300000
150000,15200000
3000000,4000000
2200000,41158757
7200000,43800000
1700000,9700000
7000000,134966411
3500000,12600000
25000,45000000
87000,3100000
2000000,18016290
1800000,8800000
4638783,8000000
7000000,35400000
5500000,15700000
777000,115000000
2000000,18344729
5500000,159616327
12000000,202347346
2600000,119500000
7000000,26533200
1600000,4420000
140000,26572439
13000000,57300000
500000,31559560
2800000,86300000
14000000,116000000
4000000,15000000
7000000,21000000
11000000,20000000
5000000,41833347
12000000,260000000
1200000,140510017
400000,3427696
3000000,20123742
4400000,108981275
7000000,25000000
3800000,23689877
1200000,887000
4400000,36145695
2800000,48570885
1000000,28262574
3000000,13200000
5000000,8000000
1800000,25878153
1000000,117235147
23000000,52614445
500000,17000000
100000,7000000
10000000,36000000
4000000,38251425
7000000,1000000
11000000,460998007
26000000,50800000
14000000,25011000
14000000,13800000
21600000,12000000
14000000,46800000
600000,15000000
20000000,166000000
3400000,31063038
14000000,1000000
12000000,19000000
3000000,32653000
11000000,20388920
20000000,102922376
6000000,181813770
15000000,98800000
3000000,141600000
3000000,3446749
325000,47000000
24000000,13000000
55000000,134218018
5000000,7100000
15000000,50000000
6000000,391942
1500000,5100000
12500000,7000000
9000000,80930630
12000000,22673340
8000000,76657000
8000000,43000000
31000000,70300000
170000,14000
8500000,29200000
35000000,82258456
31500000,78800000
4000000,20008693
2700000,37799643
16000000,8400000
32000000,34175000
20000000,35841901
35000000,1500000
6500000,31899000
3500000,8000000
350000,10000000
1000000,21378361
40000000,7000000
5100000,9709597
5000000,26010864
200000,8750000
3500000,83453539
35000000,27107960
10000000,15198912
400000,89134
23000000,290271960
19000000,44017374
5500000,4865000
22000000,15716828
27000000,57229890
20000000,2000000
4500000,47923795
15000000,67182787
6000000,39846344
550000,39754601
6000000,52302978
100000,287000
15000000,69847348
18000000,23380203
44000000,3484331
20000000,49823037
17000000,2110050
250000,23894000
12000000,12200000
33500000,50000000
1250000,21722776
18000000,13400000
6500000,42488161
12000000,37400000
54000000,108185706
28000000,54800000
18000000,6000000
10000000,85300000
9300000,19571091
18000000,13747234
20000000,18826490
3000000,5732587
14000000,35856053
5000000,19032000
5500000,57159946
5000000,14600000
1000000,17985000
6000000,25244700
2500000,25533818
10000000,2000000
12000000,2104164
20000000,248159971
15000000,30000000
11000000,31672000
10000000,6000000
8000000,24474312
13500000,6118683
12500000,7000000
5000000,12592907
5000000,20659423
4000000,109492484
12000000,78912963
10700000,74706019
20000000,38264085
2000000,24600832
21000000,45785720
28000000,32656328
18000000,5675599
20500000,69701637
22000000,52767889
16000000,53977250
4500000,27092880
2250000,36690067
5000000,10751126
3250000,6965361
5000000,3707583
17000000,26918576
46000000,4408636
12000000,11487676
8000000,20036244
14000000,47212904
2500000,14400000
10500000,435110554
1200000,255000
12500000,20959585
15000000,177200000
400000,126387
10100000,10143618
12000000,74433837
10000000,25697647
5952000,2120439
7000000,90463574
5000000,12232628
375000,2400000
32500000,309205079
39000000,59950623
10000000,29500000
36000000,55500000
15000000,61400000
7000000,1246141
1305000,909000
25000000,44942821
15000000,8921050
27500000,67900000
27000000,21500000
10000000,20766000
8000000,589308
12000000,39012241
3250000,20605209
30000000,5321508
18000000,76471046
1500000,2300000
8200000,80000000
9000000,13075390
4500000,81198894
2600000,32980880
550000,5269990
15000000,234760478
28000000,179880271
8000000,90815558
18000000,26400000
27000000,21300000
30000000,242212467
11000000,148168459
25000000,5778353
1250000,4700000
8000000,62599495
7500000,5142858
1800000,25504513
18000000,51973029
10000000,8801940
6400000,38019031
15000000,15136870
48000000,25928721
45000000,27447471
27500000,27187653
3000000,21163999
1500000,1690913
19000000,212259762
1300000,210904
10000000,33000000
2200000,21930418
10000000,35073978
18000000,19739000
44000000,150415432
30000000,50327960
2000000,390659
27000000,10618813
25000000,11603545
17900000,6905861
6900000,41410568
3500000,5804262
12000000,65532576
4000000,14237880
10000000,17536256
26000000,33200000
10000000,36230219
3000000,11052713
7000000,10803211
20000000,18400000
31000000,79096868
15000000,93589701
15000000,9929135
40000000,1641825
25000000,11100000
30000000,16295774
3000000,19472057
15000000,1953732
18000000,6734844
35000000,2000000
5000000,12947763
25000000,15502112
4500000,1500000
18000000,1305114
15000000,179800601
12000000,4884663
40000000,49851591
16000000,5900000
3000000,20966644
17000000,85160248
8000000,52287414
175000,7137502
4700000,8025872
17000000,2315000
8800000,174803506
18000000,41382841
10000000,52293000
24000000,109713132
12000000,79817937
30000000,38747385
6000000,137963328
2000000,7369373
2600000,3147950
350000,4000000
100000,5228617
10000000,3000000
3500000,14000000
16000000,14792779
5000000,44793222
25000000,76270454
3500000,5923044
4000000,800000
1100000,1355728
40000000,14375181
20000000,153665036
15000000,65192350
29000000,5899797
22700000,38119483
23000000,15728335
13000000,53424681
17000000,11227824
6500000,54215416
40000000,51185000
8500000,32222567
1900000,4600000
14000000,156645693
1000000,14564000
15000000,30857000
16500000,43848100
30000000,38122000
25000000,43984987
3000000,7888000
15000000,167780960
18000000,59735548
13000000,123922370
25000000,16118077
5000000,17768757
4000000,3468572
6200000,9205924
1500000,11806119
18000000,114968774
15000000,73326666
4000000,354704
4000000,13000000
4700000,1705139
2800000,19170001
58000000,53715611
14000000,109306210
70000000,154112492
28000000,81350242
30000000,38413606
3000000,7282851
13000000,49369899
9000000,33244684
16000000,13854000
15000000,111936388
9500000,14114000
6000000,12793213
12300000,48092846
32000000,59450353
7000000,20257000
6000000,14545844
13000000,44726644
7000000,8373585
25000000,172825435
14000000,34700000
15000000,10763469
16400000,95860116
10000000,40485039
18000000,7190505
1200000,24741667
11500000,57469179
10000000,30050028
48000000,197171806
35000000,251188924
6000000,26004026
11000000,49793054
42000000,34667015
16000000,92823546
5000000,6157157
5000000,14343976
1500000,14533681
9000000,10161099
30000000,52210049
70000000,54243125
19000000,58571513
30000000,45892212
6000000,11642254
6000000,22168359
30000000,60857262
40000000,118450002
18000000,26593580
7500000,106593296
20000000,10555348
14000000,70001698
140000,6706368
55000000,63408614
1600000,419428
65000000,119394839
10000000,16667084
30000000,120709866
7700000,882290
70000000,117323878
10000000,16153000
430000,2938000
14000000,178406268
13500000,135265915
3000000,15000000
40000000,88055283
50000000,41476097
47000000,103738726
60000000,82670733
20000000,53976987
22000000,217631306
31000000,53208180
19000000,184208842
13000000,26904572
25000000,46743809
7000000,4372561
26000000,61308153
20000000,21413105
4200000,5835247
49000000,20423389
15000000,285761243
35000000,28317513
26000000,91457688
54000000,66520529
11000000,2000000
8000000,2275557
500000,55000
450000,2712293
40000000,34416893
8500000,15024232
35000,321952
23000,1227508
35000000,14471440
14000000,34729091
100000000,201858746
20000000,130726716
25000000,78656813
25000000,9286314
65000000,17218916
27000000,74888996
50000000,165493908
23000000,86930411
20000000,37537675
7000000,5017971
23000000,7018525
6000000,773490
16000000,29090445
5000000,34872033
24000000,41798224
2500000,6401336
7000000,8824553
5000000,19438638
9000000,349618
70000000,119654823
20000000,218951625
35000000,79091969
30000000,113502246
16500000,58011485
24000000,43218387
6500000,56190094
40000000,70405498
30000000,74787599
11000000,81204830
7000000,5430822
42000000,70052444
40000000,107533925
42000000,19487173
10000000,50752337
20000000,121697323
35000000,4651977
40000000,14358033
11000000,52929168
8000000,26124872
5000000,1526697
45000000,83287363
35000000,144731527
55000000,54927174
10000000,32100816
80000000,162833635
40000000,44948240
14400000,101157447
11000000,21171695
55000000,58422650
7000000,14231669
5000000,1050861
40000000,75505856
12500000,10725228
8000000,21706101
1200000,2832029
28000000,217350219
33000000,141340178
12000000,27281507
40000000,82522790
35000000,48169910
20000000,173585516
25000000,121945720
4000000,62546695
35000000,23365858
2000000,21000
1800000,673
14000000,68856263
800000,1001437
32000000,36299670
15000000,22189039
6500000,24103594
11000000,11502976
7000,2040920
12000000,6730578
21000000,42273609
35000000,4496583
15000000,9579068
13000000,27979399
22000000,10696210
15000000,22954968
13000000,1152117
3500000,27731527
65000000,84049211
42000000,20844907
44000000,183875760
85000000,50016394
42000000,158340892
8000000,22549338
28000000,39360491
20000000,77698625
14000000,27450453
25000000,10731997
3000000,15935068
6000000,3273588
15000000,39100956
34000000,32014993
6900000,7950889
3000000,3902679
12500000,12281000
63000000,395708305
25000000,219195051
19000000,2119994
14600000,70906973
3000000,242623
7000000,40157856
25000000,96067179
45000000,100768056
26000000,77324422
25000000,56505065
11000000,9170214
22000000,25842377
50000000,16581575
40000000,31835600
50000000,38590458
10000000,18272447
40000000,24172899
62000000,122012656
30000000,51041856
12000000,72217396
10000000,3275585
45000000,22006296
13000000,7881335
8000000,8864699
9000000,4333569
14000000,13024170
50000000,42586861
45000000,130531208
20000000,11744960
55000000,330151138
79300000,422780140
70000000,65011757
63000000,25052000
45000000,57362581
100000000,146282411
45000000,92115211
18000000,119920129
10000000,126247
1500000,418953
4500000,52700832
55000000,83015089
28000000,44853581
25000000,28241469
1500000,5046118
45000000,46815000
18000000,5828466
30000000,121248145
8000000,107928762
8000000,18090181
700000,7768371
27000,3073428
20000000,13383747
55000000,71565669
40000000,2816518
20000000,305070
50000000,105264608
22000000,144833357
5000000,3046086
38000000,75671262
16000000,19284974
10000000,29317886
16000000,127175374
40000000,38087756
15000000,50003303
35000000,33423000
30000000,66502573
27000000,44342956
10500000,125169
25000000,4064333
13700000,56598476
15000000,529766
12000000,21089146
26000000,13738574
2500000,5274005
22000000,71516617
4000000,7555256
50000000,11497497
20000000,17468887
14000000,2461628
30000000,63658910
30000000,23998226
40000000,14942422
3500000,27467564
90000000,100012499
72000000,75545647
6000000,11784569
55000000,100328194
50000000,30306268
100000000,184031112
250000,2210408
85000000,34687912
65000000,172070496
28000000,31390587
25000000,22032635
23000000,65647413
75000000,37361412
35000000,60054449
60000000,50024083
45000000,35627222
1500000,7412216
175000000,88246220
22000000,50621733
6000000,23341568
20000000,70433227
24000000,669276
7000000,25532388
50000000,81022333
50000,10426506
40000000,20350754
30000000,100125643
20000000,21284514
5000000,15126948
32000000,18552460
50000000,67823573
55000000,141579773
30000000,108360063
50000000,10359006
50000000,9812870
30250000,72021008
6100000,2108367
20000000,32051917
14000000,19637147
4000000,31983777
16500000,42993774
62000000,60022813
60000000,106429941
68000000,35324232
52000000,42438300
30000000,191796233
55000000,91387195
11000000,2794056
11000000,2844379
65000000,100458310
58000000,53458319
45000000,13668249
92000000,10017322
4000000,4301000
29000000,57141459
31000000,82582604
18000000,4100000
11000000,39387284
9200000,2684904
60000000,51045801
10000,527
14500000,46338728
12500000,1212799
20000000,25728961
44000000,22730924
38000000,10229300
75000000,306169255
55000000,21226204
5900000,22231658
40000000,20278055
10000000,38623460
5000000,407488
47000000,5707094
18000000,2483790
7500000,32281907
8000000,34873513
15000000,24769466
8000000,5656388
55000000,56679192
12000000,4880941
7000000,14853474
39000000,30356589
45000000,20404841
10000000,3357324
4500000,3802260
2500000,25857416
35000000,1320043
25000000,10039566
13000000,2104439
32000000,104636382
25530000,20080020
80000000,180981886
18000000,26936265
57000000,51364680
32000000,4357406
9000000,36049108
80000000,32908290
20000000,9725847
47000000,60240295
100000000,101295562
100000000,100138851
5000000,12961389
55000000,128814019
50000000,33109743
75000000,134069511
45000000,17220599
45000000,20133326
1000000,1287480
30000000,17192205
3100000,16501785
40000000,108766007
25000000,25023424
25000000,15382170
2000000,304602
7000000,24567751
70000000,136492681
55000000,18582965
45000000,53854588
19000000,1353824
40000000,27682712
3500000,9482579
3000000,295493
65000000,70645997
50000000,25426861
45000000,58617334
3000000,2962051
25000000,14102929
67000000,18115927
30000000,105489203
300000,1652472
38000000,17378193
4500000,13417292
88000000,241688385
800000,4198137
13000000,26570048
2400000,5691854
44000000,53300852
200000,4505922
14000000,15171475
65000000,33447612
55000000,38564422
25000000,11092559
1300000,749741
80000000,90463534
42000000,41267469
35000000,78716374
4833610,24475416
60000000,60592389
46000000,92027888
5500000,35811509
20000000,26792700
46000000,59003384
7000000,659000
80000000,37771017
50000000,153952592
36000000,13052741
23000000,12803305
21500000,22331846
15000000,103046663
12000000,63118386
55000000,50047179
18000000,4501094
15000000,76382
90000000,250690539
3000000,24646936
25000,2883661
5000000,353480
8000000,590817
45000000,2154540
4000000,2922988
36000000,50159144
35000000,6448817
18000000,53883989
50000000,50068310
26000000,1083350
35000000,41954997
35000000,2221994
3000000,4109095
27000000,60527873
10000000,12554569
45000000,181410615
20000000,35450113
90000000,42885593
32000000,3588602
250000,212285
90000000,61363304
250000,12006514
42000000,4408420
3000000,3602884
90000000,47546796
300000,42735
10000000,138433435
75000000,229086679
80000000,101117573
12000000,14010363
110000000,48097081
70000000,99112101
2700000,9054736
125000000,107325195
46000000,126813153
4000000,12836
1000000,542909
80000000,112276146
115000000,67163857
100000000,54768952
50000000,10561038
5000000,14843425
55000000,105263257
25000000,44480039
85000000,172956409
40000000,54979992
80000000,76118990
70000000,37945884
3500000,45950122
60000000,26673242
16000000,1686429
15000000,44906632
50000000,48169156
25000000,41076865
450000,410919
26000000,5000
95000000,63570862
85000000,28681080
35000000,64604977
35000000,63826569
50000000,41263140
18000000,8038061
7500000,43492389
60000000,33956608
55000000,11532774
15000000,26410771
5000000,4306697
57000000,61007424
17000000,72250091
36000000,12532777
38000000,6504442
12000000,220175
45000000,65598907
15000000,28084357
12000,413802
90000000,100920329
28000000,8165213
60000000,54956941
53000000,58403409
20000000,13801755
40000000,45916769
35000000,25078937
30000000,35927406
80000000,92993801
60000000,47795018
50000000,48265581
40000000,44212592
24000000,101363301
20000000,10686841
5000000,20733485
200000000,658672302
110000000,125304276
38000000,61894591
50000000,148478011
80000000,17650704
28000000,5686694
15000000,43057470
12000000,39673162
12500000,1612957
25000000,21567853
4000000,302204
2300000,574838
140000000,201578182
70000000,19870567
8000000,17394881
2650000,16556
25000000,29342592
45000000,11203026
5000000,2080693
80000000,55485043
60000000,90757863
17000000,30331165
73000000,37068294
29000000,22619589
500000,334041
68000,33598
27000000,14435076
10000000,45779
80000000,69117629
60000000,32983332
15000000,11156471
10000000,10162034
35000000,56968169
7000000,306715
65000000,39017984
20000000,29795299
11900000,48856
6000000,12716953
27000000,10341093
24000000,4356126
20000000,146072
5000000,143273
4500000,713413
35000000,10319915
20000000,21541218
6000000,4595000
2000000,72544
15000000,29145924
13000000,27066941
6000000,11911200
1000000,2057193
60000000,125618201
17000000,55041738
60000000,75383563
40000000,22772500
30000000,26528684
2000000,537948
125000000,136314294
18500000,10680275
3500000,10317779
30000000,60110313
30000000,19035741
20000000,15055091
15000000,17498804
4030000,2542264
70000000,40934175
25000000,30082699
23000000,161491646
9000000,1053788
3500000,6451628
90000000,120620254
66000000,83898313
650000,2301777
71500000,144156605
48000000,37562568
2000000,6719300
1500000,2380606
73000000,55591409
1000000,21210
300000,10876
22000000,176484651
65000000,93828745
55000000,1147784
65000000,216335085
15000000,17507368
10000000,19843795
50000000,44705766
26000000,65705772
5000000,23047939
80000000,140464664
13000000,8064972
60000000,23385416
20000000,37672944
10000000,244465
5000000,5502773
45000000,70141876
14000000,15064948
1000000,3395581
13000000,16757163
250000,203134
19000000,8123860
60000000,12069719
1300000,1647780
1000000,1009819
100000,2652246
35000000,141186864
30000000,23337196
2000000,134624
55000000,41610884
14000000,38116707
8000000,1793359
1000000,22434
55000000,78750909
140000000,130444603
40000000,55143823
68000,3221152
60000000,46850558
53000000,22852487
25000000,32404188
3000000,2746453
75000000,14623082
1000000,582024
20000000,20268825
12000000,12905901
10000000,6719864
25000000,780326
20000000,18253415
12000000,22921898
300000,373615
250000,489220
70000000,70187658
50000000,34645374
26000000,100317794
17000000,16316273
10000000,17105219
85000000,44650003
24000000,40020622
85000000,111549836
45000000,162798565
28000000,100494685
12000000,5078660
3000000,24793251
2900000,5969553
80000000,18319860
15000000,10513979
10000000,9949470
80000000,74339294
13000000,10020081
10000000,25358996
8000000,146083
65000000,115821495
60000000,101413188
52000000,36400491
80000000,50632037
60000000,56709981
50000000,135014968
50000000,91137662
15000000,40283321
10000000,245359
34000000,11263966
7000000,7309628
48000000,60652036
28000000,8891623
17000000,11634458
8000000,17843379
1700000,2039192
75000000,14010690
40000000,22365133
30000000,12017369
16000000,52894169
1600000,27795
30000000,4167493
180000,933933
10000000,63465522
40000000,28544120
6000,48482
22000000,19288130
600000,15030
10000000,10827813
3000000,3076820
40000000,36443442
6000000,6852450
66000,541636
23000000,10660147
12000000,2062406
1000000,5494
60000000,22508689
14000000,4741987
5000000,19421271
4000000,64359
65000000,171479930
13000000,38177966
55000000,34105207
8300000,2160710
5000000,99147
50000000,23159305
13000000,6276869
3000000,51773
75000000,64062587
33000000,8408835
20700000,2840417
14000000,6552255
8500000,14943582
66000000,87707396
15000000,4023741
2000000,1152411
50000000,81526121
6000000,4398989
30000000,106885658
11000000,38230075
1350000,3897569
68000000,28965197
48000000,66488090
21000000,21731001
14000000,14395874
115000000,474544677
15000000,8322608
375000,617172
42000000,116089678
16000000,11810854
4000000,399793
68000000,29762011
48000000,69304264
40000000,293506292
10000000,836641
145000000,171091819
60000000,102705852
10700000,18542974
1750000,7267324
30000000,163479795
175000000,113805681
21000000,52037603
80000000,155385488
24000000,16304786
600000,140539099
65000000,55691208
27000000,31770413
6000000,25059640
4000000,34145
80000000,91188905
75000000,97387965
10000000,10571408
60000000,73648228
70000000,152257509
500000,985341
250000,18195
64000000,31054924
14000000,30628981
10000000,3193102
2000000,11540607
700000,10508
32000000,2899970
55000000,66458769
25000000,10115014
16000000,4217115
40000000,33864342
40000000,10447421
7000000,14026509
125000000,32698899
34000000,10672566
22000000,9818792
15000000,11614954
7000000,2165637
5700000,69582
6500000,16875273
1600000,6026908
21500000,24419219
12000000,101800948
15000000,130058047
50000000,35188640
36000000,68208190
12000000,178287
3500000,9871
250000,178095
40000000,116735231
28700000,4559569
18000000,229311
15000000,4956401
35000000,206040085
32000000,50041732
12000000,21133087
4000000,2793776
30000000,85744662
13000000,5871603
60000000,136801374
18000000,65535067
11900000,81897
65000000,37030102
50000000,27100030
10000000,6197866
7200000,12610552
32000000,16640210
21000000,17396
20000000,10570375
15000000,1954202
9000000,34102780
6500000,10155691
500000,2047570
20000000,2374107
19000000,40846082
13000000,22858926
3250000,7680
10000000,10019109
135000000,126930660
90000000,245852179
70000000,101068340
100000000,66889043
35000000,630779
27000000,4485485
312000,1350248
60000000,36850101
35000000,26613620
30000000,52880016
4500000,1687311
40000000,13508635
30000000,11578022
21000000,17760244
13000000,27151490
10000000,15164492
3000000,9017070
50000000,14271297
23000000,18653615
15000000,824295
10000000,30651422
105000000,140015224
90000000,58220776
75000000,39251128
37000000,22450975
20000000,6201757
24000000,28871190
60000000,75530832
52000000,34580635
45000000,71423726
40000000,81292135
36000000,14378353
25000000,13038660
24000000,8427204
27000,8231
38000000,50699241
80000000,60507228
4000000,9821335
15000000,12801190
3000000,4142507
1000000,779137
60000000,14218868
25000,195043
9000000,20035310
7000000,30471
36000000,2954405
15000000,16500786
4000000,185577
33000000,117559438
40000000,36037909
24000000,57262492
23000000,39235088
9000000,16963963
35000000,19389454
36000000,23360779
50000000,6291602
25000000,14983572
16000000,15427192
2000000,3330230
90000000,125305545
60000000,30695227
50000000,125548685
23000000,53302314
25000000,55973336
15000000,10494147
15000000,8735529
95000000,50802661
20000000,27277055
15000000,35007180
40000000,89138076
10000000,1638202
90000000,73209340
65000000,90454043
45000000,60786269
4000000,12178602
4000000,267972
43000000,37035515
29000000,37036404
8000000,15070285
3000000,4170647
3500000,886410
62000000,77086030
15000000,27441122
14000000,5108820
6000000,4859475
58000000,35231365
31000000,44983704
15000000,33771174
10000000,5241315
103000000,187683805
34000000,6543194
7000000,18642318
3300000,104257
1300000,609042
1000000,428535
127500000,137748063
18000000,17266359
16000000,68525609
120000000,215409889
55000000,56932305
2000000,121807
55000000,166225040
40000000,14967182
10000000,2185266
5000000,9628751
4500000,3635482
80000000,9103630
75000000,22751979
53012938,70327868
16000000,21799652
2500000,1282084
42000000,106793915
51000000,90570999
150000,110719
110000000,113330342
120000000,182618434
76000000,26000610
60000000,61322858
24000000,32662299
24000000,12372410
65000000,69688384
19000000,157019771
1200000,2205627
75000000,157299717
250000,1055671
15000000,5217498
90000000,155464351
30000000,43746923
20000000,15464026
19000000,15911332
84000000,123307945
33000000,28946615
24000000,25170054
9000000,6047856
2500000,9598
1000000,623791
75000000,68473360
65000000,32598931
35000000,15185241
15000000,128067808
10000000,30093107
35000000,61280963
3000000,38168022
1000000,10037390
40000000,30199105
23000000,13019253
10000000,68353550
40000,277233
103300000,101643008
500000,1115313
60000000,32522352
35000000,15325127
16000000,4734235
225000,1032075
15000000,21468807
12500000,4157491
8000000,5018450
1000000,12996
6000000,18621249
30000000,115654751
9000000,3134509
1000000,1744858
90000000,60874615
38000000,18653746
800000,144583
300000,2637726
80000000,39442871
80000000,17480890
32000000,48814909
1200000,9180275
28000000,16779636
11000000,13592872
9000000,17804273
5000000,21995263
3000000,39852
48000000,37879996
40000000,33508922
20000000,882710
2000000,11546543
65000000,10014234
22000000,13555988
15000000,26421314
5250000,20097
42000,241816
600000,173599
50000000,39778599
20000000,45542421
13000000,60008303
200000,1161843
50000000,44737059
40000000,37752931
40000000,29374178
10000000,1276984
6800000,927107
123000000,260044825
82000000,34543701
35000000,36805288
30000000,76501438
85000000,66941559
73243106,94999143
13500000,7060876
9500000,57176582
7000000,34099640
80000000,21471685
18000000,17200925
12000000,6982680
8000000,4714090
2000000,1577287
100000000,89296573
65000000,182805123
25000000,71309760
13000000,46729374
6000000,8596914
43000000,51768623
10000000,12008642
85000000,233632142
80000000,34566746
60000000,75764085
45000000,106807667
45000000,15527125
28000000,33000377
26000000,45506619
10000000,3041803
4000000,75078
48000000,124107476
13000000,622023
8000000,8279017
30000000,32267774
22000000,55762229
45000000,19719930
28000000,60400856
18500000,4221341
14000000,10397365
10000000,20384136
40000000,66808615
16000000,33357476
13500000,687081
13000000,3058380
115000000,289423425
53000000,45207112
49000000,43905746
10350000,33201661
40000000,25288103
30000000,64172251
10000000,36696761
75000000,5409517
62000000,15738632
90000000,226164286
30000000,108244774
26000000,16521410
85000000,51396781
33000000,51758599
5000000,25544867
250000,902835
50000,2335352
38000000,40334024
25000000,5516708
6000000,27457409
35000000,112692062
23000000,27338033
18000000,13491653
11000000,13558739
2000000,5383834
98000000,202007640
2000000,49388
60000000,93375151
45000000,71277420
25000000,71500556
25000000,25590119
15000000,14249005
105000000,6712451
72000000,32616869
8000000,19585
5000000,6755271
45000000,76261036
28000000,50255310
23000000,21973182
12000000,17292381
53000000,57386369
50000000,267655011
38000000,24044532
151500000,198539855
40000000,4777007
30000000,52990775
28000000,74058698
3000000,17052128
1000000,852206
25000000,36833473
10000,94596
4300000,6946056
94000000,131144183
1800000,3050934
72000000,112950721
38000000,144512310
16000000,28734552
90000000,78616689
13000000,16929123
3500000,3293258
40000000,27053815
38000000,16991902
14000000,3100650
13000000,22235901
700000,1140965
85000000,183417150
6000000,1030920
1000000,1067481
68000000,71069884
18000000,96493426
5000000,5308707
2100000,881824
93000000,181166115
46000000,93607673
12000000,450594
6000000,3067312
5500000,6217849
100000000,180011740
400000,44452
90000000,84052762
80000000,69772969
80000000,38311134
3000000,8823109
15000000,7219578
48000000,50315140
57000000,25528495
48000000,56607223
35000000,13264986
6500000,64148
1000000,113433
28000000,8434601
26000000,7496522
22000000,30059386
17000000,19693891
13000000,5002310
10000000,37904175
5000000,16017403
1000000,17127
87000000,165092266
22000000,19351569
42000000,24375436
12000000,146028
10000000,11560259
10000,673780
40000000,70836296
35000000,23483357
100000,1358
22000000,17951431
21000000,40222729
22000000,6047691
8500000,4273372
50000000,54997476
31000000,24185781
28000000,45172250
2000000,638227
70000000,13596911
30000000,145096820
17000000,96522687
1500000,378176
60000000,18208078
47000000,29781453
35000000,31598308
10000000,7316658
19000000,41867960
18000000,15652637
10000000,4365455
10000000,226792
4500000,1472801
22000000,14252830
16000000,27087695
7000000,23247539
41000000,56083966
137000000,32131830
4000000,10097096
125000000,317575550
6000000,2025238
90000000,62362560
35000000,33422806
11000000,13906394
1000000,2402459
1700000,35930604
40000000,58855732
38000000,623374
30000000,10965209
24000000,29823162
13000000,91038276
75000000,41523271
11000000,23978402
70000000,100614858
28000000,52353636
15000000,37882551
7000000,4720371
5500000,5580479
109000000,315544750
78000000,170708996
72000000,27796042
38000000,22770864
25000000,80936232
12000000,31155435
109000000,58183966
48000000,47095453
35000000,11405825
18000000,41300105
4000000,31273922
95000000,108638745
22000000,40270895
13000000,4919896
11000000,4814244
500000,1250798
70000000,78120196
17000000,37939782
160000,32092
70000000,33561137
65000000,139225854
32000000,81150692
42000000,35228696
40000000,54228104
15000000,673414
11000000,41227069
10000000,16033556
70702619,227969295
16000000,40363530
3000000,19184820
2000000,2512846
70000000,19076815
36000000,71026631
20000000,48430258
12000000,37188667
12000000,2326407
1200000,18492362
60000000,43061982
60000000,30063805
35000000,30307804
4500000,92723
1200000,13876974
1100000,247740
139000000,403706375
16000000,4839383
10000000,6044618
140000000,190418803
30000000,51432423
25000000,11411644
1500000,7025722
85000000,37948765
65000000,176387405
35000000,40119709
5000000,13649881
54000000,81676888
12000000,10198766
1500000,119841
50000000,8355815
48000000,95308367
26000000,36985501
22000000,75600072
40000000,6114237
78000000,92955420
14000000,25571351
12000000,378650
60000000,90580000
50000000,31874869
5000000,241438208
1500000,1222889
40000000,14448589
18000000,676698
14000000,13121555
400000,1293295
45000000,7262288
42000000,41543207
6000000,21305259
6000000,54606
115000000,310676740
27000000,40803000
5500000,56653
1500000,406035
15000000,8378141
80000000,73215310
46000000,67263182
38000000,39177215
3000000,3287435
2100000,313436
68000000,118471320
25000000,38230435
40000000,22433915
10000000,28564995
35000000,6630252
60000000,32122249
20000000,1190018
18500000,22498520
3500000,17504595
115000000,40914068
84000000,153294164
60000000,121468960
12000000,1779284
102000000,132024714
80000000,145771527
15600000,13571817
5600000,3064356
50000000,126293452
10000000,13684949
250000,4210379
70000000,30157016
27000000,69586544
38000000,85846296
8000000,14018296
30000000,17266505
120000000,64956806
90000000,35168966
300000,16892
150000,2891288
63000000,213117789
20000000,16988996
85000000,40048332
70000000,18990542
15000000,47811275
80000000,56684819
14000000,25482931
7500000,4239767
50000000,52752475
41000000,116724075
13500000,15901849
100000000,4411102
30000000,40118420
25000000,10103647
12000000,31597131
29000000,16930185
20000000,12398628
40000000,13208023
70000000,141930000
50000000,26199517
800000,881950
25000000,13973532
12000000,75781642
9000000,4777465
7500000,206400
70000000,14294842
55000000,79161
35000000,18306166
30000000,6916869
19000000,10049886
10000000,30306281
8000000,3076425
4000000,4046737
60000000,50586000
38000000,127214072
21000000,6830957
15300000,81525
950000,814666
13000000,28972187
200000,174682
200000,162605
48000000,129094024
27000000,5204007
25000000,10719367
7000000,2062066
3000000,5853194
20000000,30113491
15000000,22723
12000000,25885000
9000000,184255
5000000,64282312
825000,1500711
18000000,41059716
25000000,17791031
21000000,25296447
16000000,16357770
15000000,19161999
15000000,11660180
10000000,598645
8000000,27362712
4000000,6525762
3000000,21576018
100000000,261987880
25000000,15567860
15500000,1693000
1800000,5719000
750000,47329
350000,9118
142000000,160942139
20000000,12987647
12500000,14060950
10000000,33253609
100000000,38120554
47000000,14970038
40000000,4835968
17000000,12840842
7000000,6199600
45000000,66790248
43000000,24430272
11000000,13110448
80000000,104054514
15000000,30259652
12500000,28436931
500000,307631
60000000,43254409
55000000,93932896
30000000,65005217
20000000,56398162
1000000,703
94000000,342548984
12500000,21078145
4500000,13084595
97000000,77730500
60000000,93354918
25000000,40108697
7500000,10465659
6000000,267194
52000000,164606800
45000000,3681811
35000000,32519322
30000000,170687518
25000000,41675994
10000000,1562800
4000000,17639
1000000,213137
29000000,16007718
170000000,150358296
55000000,104354205
54000000,6087542
60000000,66723216
20000000,15543862
3300000,7563397
14000000,274299
7000000,32539681
26000000,46896664
11000000,3051221
500000,1111615
30000000,3517797
125000000,214949694
15000000,42734455
10000000,1011054
1000000,464126
60000000,26483452
25000000,90639088
80000000,102543518
20000000,47901582
7000000,254683
1000000,549666
55000000,12882934
50000000,19694635
24000000,75155000
15000000,9237470
25000000,34657731
10000000,1641788
4000000,563711
50000000,41083108
20000000,81261177
5800000,230312
5500000,1060512
2500000,2013052
500000,5801558
103000,16137
55000000,34234008
25000000,47545060
20000000,6882696
4500000,410241
68000000,33685268
15000000,8586376
5900000,3895664
1200000,58936
85000000,31111260
50000000,26599248
35200000,37788228
800000,2073984
1200000,3700000
36000000,26500000
25000000,35990505
11000000,46566212
3000000,2255000
7800000,10130108
52000000,23010607
9000000,6126237
6000000,17583468
28000000,11689053
20000000,67383924
15000000,34308901
4500000,181655
28000000,52131264
20000000,121972
17500000,325491
15000000,12212417
15000000,220944
4000000,3816594
35000000,7659747
17000000,22734486
150000000,139270910
140000000,111110575
18000000,30272254
1100000,39659
150000000,281553689
81000000,242704995
94000000,380529370
60000000,106126012
10000000,15417771
76000000,127120058
5500000,3031801
4300000,20779666
26000000,110222438
75000000,30207785
30000000,26214846
25000000,39402572
7000000,196067
5000000,121016
137000000,132177234
30000000,14208384
12000000,4922166
9000000,454255
120000000,100814328
8000000,45064915
50000000,105807520
50000000,60470220
1750000,145540
75000000,43632458
20000000,132675402
6500000,6173485
5400000,792200
45000000,59472278
32000000,173398518
130000000,138540870
45000000,28013509
16000000,14108518
10000000,8112414
2000000,37227
7500000,533344
90000000,65653758
86000000,120277854
40000000,111760631
15000000,353743
4000000,146402
70000000,116877597
30000000,90135191
26000000,58331254
25000000,82622655
2000000,6003587
2000000,4601043
41000000,22108977
20000000,1646664
14000000,15549702
1000000,280351
25000000,35623801
5000000,742898
500000,254293
60000000,104148781
5000000,8460000
125000000,305411224
30000000,42070939
22000000,51970690
18000000,3203044
1000000,1239183
85000000,47641743
40000000,9652000
35000000,5781086
18000000,43601508
11000000,4068087
2500000,432360
19000000,56127162
500000,13134
60000000,35327628
55000000,70098138
17000000,37667746
7000000,10199354
6000000,181798
70000000,66432867
17000000,1569918
9000000,80571655
300000,2528664
12000000,4717455
60000000,4426297
45000000,110000082
35000000,52333738
8000000,336456
3000000,1266955
6000000,2207975
56000000,135560942
7000000,12634962
800000,58163
250000,3802390
78000000,66465204
1900000,1420578
500000,19800
135000000,93926386
80000000,20950820
300000,7718961
109000000,101018283
40000000,59588068
20000000,16248701
90000000,75817994
80000000,19480739
65000000,26900336
18000000,60060328
4000000,8291572
2000000,7301288
5600000,32543449
29000000,56330657
4000000,44585453
2000000,1660865
1500000,21158188
80000000,124685242
55000000,33832741
27000000,765637
12000000,11634362
94000000,377845905
65000000,63803100
16500000,13005485
10000000,31011616
1300000,77755
5000000,34469210
100000000,48417850
80000000,95632614
60000000,53789313
40000000,138614544
15000000,2281585
7000,900
23000000,16123851
75000000,161412000
60000000,74541707
22000000,12784713
3000000,6879730
42000000,88073507
40000000,21176322
10000000,6491969
24000000,16980098
13000000,57924679
2000000,4593598
50000000,6471394
8000000,40066497
850000,833118
500000,1127331
110000000,50026353
60000000,59623958
56000000,46213824
30000000,28165882
10000000,488872
2000000,5792822
75000000,120776832
39000000,5881504
26000000,14469428
25000000,17718223
15000000,29331068
10400000,1610194
25000000,370782930
50000000,25195050
8500000,5001655
6400000,4063859
5000000,84733
30000000,13001257
20000000,15712072
16000000,11540112
12500000,1110186
6700000,223878
35000000,33987757
12000000,11050094
28000000,58990765
20000000,34366518
20000000,2353728
35000000,39692139
35000000,25266129
25000000,84185387
130000000,249538952
55000000,66207920
33000000,33664370
20000000,8047525
60000000,77906816
30000000,57139723
8500000,298347
3400000,493905
32000000,17848322
30000000,14334645
20000000,13548322
18000000,86047227
17000000,2694071
78000000,67286731
60000000,88200225
92000000,261441092
40000000,13395939
150000000,133298577
9000000,12232382
70000000,441226247
125000000,186740799
50000000,37485528
16000000,13922211
5000000,8886160
10000,1987
28000000,64378093
18000000,65070412
18000000,16703799
15000000,501752
4000000,10941801
100000,110536
60000000,100170152
30000000,20422207
7500000,197148
780000,1310470
500000,30500882
400000,592014
110000000,24004159
75000000,77073959
30000000,114326736
20000000,69148997
6000000,119114517
72000000,19176754
30000000,81001787
15000000,13337299
200000000,373524485
12000000,31203964
170000000,120150546
40000000,14018364
800000,62544
65000,11529368
90000000,51877963
105000000,144801023
19000000,51438175
4600000,3479302
3200000,6529624
100000000,40202379
85000000,176087450
6500000,1029017
2500000,26782316
80000000,65948711
71682975,114197520
55000000,6768055
9000000,18225165
30000000,61255921
15000000,10411980
7000,424760
65000000,52397389
70000000,80281096
20000000,19762690
78000000,41814863
30000000,58156435
500000,603951
27000000,8712564
25000000,31526393
20000000,9109322
17000000,53652140
10000000,366301
23000000,12189514
12000000,17321573
92000000,22406362
35000000,22913677
30000000,16323969
25000000,14589444
6800000,25032
25000000,84136909
10000000,9408183
2600000,2276368
70000000,37760080
35000000,16862585
30000000,21800302
1400000,36830
50000000,66711892
40000000,463730
30000000,9055010
5000000,13542874
1000000,227241
50000000,50740078
45000000,32003620
200000,126021
11000000,3753806
170000000,194949659
110000000,125531634
50000000,24006726
400000,31425
40000000,57887882
20000000,32774834
18000000,7739049
10000000,70527
17000000,71502303
10000000,110359362
5000000,1082044
200000,381225
40000000,75305995
20000000,5005899
1200000,55968727
120000000,57712751
100000000,59475623
50000000,75367693
400000,44540956
45000000,95149435
100000000,173005002
30000000,85416609
5000000,5211842
155000000,34297191
50000000,73701902
7500000,3347647
55000000,6167817
5500000,3629758
40000000,47958031
26000000,23514247
57000000,28328132
50000000,40203020
29000000,17016190
25000000,51676606
11000000,10214647
7000000,2938532
30000000,100492203
110000000,102608827
100000000,118627117
75000000,42044321
75000000,21009180
24000000,6144806
13300000,2086345
10000000,228524
60000000,279167575
55000000,51225796
17500000,23519128
45000000,48114556
10600000,22163442
30000000,3765585
26000000,45489752
40000000,74103820
25000000,39053061
45000000,16809014
5500000,1023424
750000,41196
65000000,24409722
45000000,67264877
30000000,49772522
30000000,20040895
20000000,82674398
425000,12604
25000000,51100486
20000000,5178569
5000000,16670
70000,4930
80000000,1900451
32000000,43095856
25000000,5654777
55000000,25857987
100000000,17018422
75000000,75976178
15000000,32647042
13500000,5501940
50000000,19699706
35000000,19294901
5500000,50406346
88000000,61649911
25000000,11273517
1000000,2678010
50000000,75941727
25000000,24381334
20000000,468867
1000000,3700
60000000,48478006
35000000,68915888
3500000,96793
3000000,707391
1500000,712294
25000000,36351350
20000000,46752382
15000000,31726995
75000000,55849401
56000000,113006880
28500000,6301131
4600000,1340891
72000000,62647540
60000000,135386665
1600000,3264
18500000,65233369
2000000,388532
2000000,120620
90000000,72708161
25000000,21835784
25000000,4008527
20000000,375474
15500000,517262
60000000,26873932
45000000,51019112
1400000,304124
30000,77070
53000000,80270227
12000000,1442338
6800000,49526
5200000,795126
1100,181041
30000000,56068547
1500000,7372734
45000000,82931301
45000000,52842724
43000000,24537621
27000000,4476235
6500000,2339957
500000,8117961
115000000,380270577
82000000,158119460
75000000,193595521
2500000,1187266
110000000,47398413
35000000,32064800
7303082,55334418
300000,10514
150000000,205343774
10000000,16535005
2000000,3885134
1700000,1000915
50000000,66010682
80000000,63313159
18975000,20700082
3400000,77437223
1700000,396035
700000,3278611
132000000,234280354
10000000,56094360
1800000,506793
200000,6260
20000000,22991379
7000000,31501218
1125000,16124543
25000000,5128124
5000,1338
150000000,206459076
40000000,209218368
300000,87264
250000,49772
120000000,35818913
35000000,32868349
7000000,17044981
2800000,22202809
250000,191862
138000000,32116746
35000000,63939454
35000000,43894863
145000000,68671925
40000000,42071069
20000000,17104669
87500000,154696080
60000000,25473093
350000,1531154
30000000,3102550
35000000,19478106
26000000,109449237
26000000,57891803
80000000,37899638
30000000,15007991
9000000,1069318
25500000,33579798
30000000,8535575
20000000,8330720
18000000,75072454
200000,44701
40000000,30981850
180000000,291710957
85000000,57010853
20000000,11036366
13900000,83043761
1300000,100358
58000000,48318130
42000000,24149632
25000000,881745
20000000,7535331
4000000,1328679
1000000,10047674
1000000,49000
65000000,2070920
55000000,89706988
32000000,31493782
30000000,53359111
10000000,17380866
8000000,23106
1600000,129319
1500000,75828
50000000,18782227
39000000,25514517
25000000,15331289
12000000,870067
7000000,28750530
4000000,864959
3000000,4655
110000000,186336279
50000000,39177684
27000000,12834849
24000000,4710455
24000000,49981
2850000,3681066
400000,423
54000000,26850426
50000000,10169202
25000000,872142
18000000,29511112
70000000,28212337
32000000,33022286
30000000,18324242
15000000,4235837
7500000,10284523
6500000,2025032
500000,4134
80000000,45575336
20000000,12482775
5000000,87025093
55000000,177784257
20000000,18098433
7000000,6601079
2000000,691880
80000000,128200012
75000000,34636443
12000000,18761993
65000000,28045540
28000000,38372662
22000000,36020063
150000000,290013036
29000000,119519402
50000000,50824620
45000000,53359917
40000000,29077547
22000000,4835065
60000000,10166502
40000000,47907715
30000000,74494381
22000000,22400154
207000000,218080025
15000000,5027684
45000000,19398532
18000000,60062868
140000000,110550000
60000000,82571173
16000000,1669971
75000000,47379090
8000000,3647381
70000000,42996140
30000000,12712093
1100000,16186348
15000000,23089926
10000000,12589255
12000000,27838408
5600000,7009668
2700000,2217561
2400000,444093
30000,103509
35000000,37629831
10000000,7027762
45000000,38399961
30000000,42647449
17500000,51386611
45000000,62318875
10000000,11748661
1000000,9015303
40000000,70165972
25000000,47279279
14200000,74205
7900000,672243
5300000,2197694
4750000,1253413
1600000,145382
52000000,118703275
15000000,1200216
10000000,2893666
15000,194523
400000,1692693
40000000,81612565
20000000,48548426
4200000,1502188
3500000,107492
20000000,7578946
17000000,6855137
10000000,63257940
3000000,2912606
15000000,47860214
45000000,36895141
30000000,18522064
22000000,1054361
12000000,18597342
3000000,11718595
149000000,64665672
18000000,128505958
9400000,12899867
3700000,26403
50000000,70511035
25000000,33889159
13000000,1173673
7500000,24793509
3000000,95204
50000000,88634237
20000000,23086480
17000000,15680099
2900000,3127472
500000,154187
75000000,195330621
70000000,5946136
17000000,21170563
15250000,7802450
2500000,349132
450000,2075743
4500000,211667
73000000,148213377
51000000,72779000
8000000,12671300
7000000,26024456
4000000,7836393
2000000,1985292
80000000,37384046
40000000,90710620
950000,1024640
60000000,36280697
50000000,46982632
17000000,7314027
1000000,884
55000000,71724497
20000000,26910736
18000000,31567134
9600000,2484186
8000000,18848430
3000000,5529144
12000,1336
10000,138711
150000000,133501348
30000000,669625
20000000,1903434
15000000,8117637
14000000,16298046
8000000,568932
9000000,16235738
125000000,217536138
80000000,155019340
8000000,15032800
1000000,24146161
210000000,234362462
7000,70071
25000000,2405420
12000000,196857
5000000,6090172
4800000,47326473
25000000,54607383
90000000,132384315
16000000,39517763
14000000,5463019
10000000,28444855
3000000,252726
85000000,62615510
60000000,28426747
40000000,52330111
32000000,80197993
500000,3121270
82500000,137355633
10000000,1430721
2000000,5361
232000000,200120000
2000000,2072645
1000000,1678874
250000,51540
35000000,124740460
35000000,59843754
30000000,34742066
27000000,22495466
6500000,13368437
3000000,7061128
1300000,4055
225000000,423315812
20000000,5501616
1000000,144601
64000000,58636047
54000000,75802010
10000000,131719
5000000,418689
75000000,73661010
75000000,42285169
30000000,22530295
5000000,24148068
200000,7033
8000000,59891098
135000000,63478838
45000000,28142535
4000000,10525717
20000000,23364784
5700000,12044087
2000000,199176
100000000,57377916
85000000,63280000
40000000,50866635
25000000,16655224
33000000,34020814
16500000,39868642
9000000,1530535
8000000,54702
40000000,57806952
17500000,19185184
15000000,12669914
900000,381420
300000,255923
70000000,244082982
10000000,20342852
65000000,70278893
60000000,22672813
30000000,38432823
2800000,475000
60000000,13090630
55000000,7221458
18000000,70644
11000000,72778712
6000000,4670644
3200000,56131
6000000,17606684
85000000,85105259
70000000,55011732
20000000,17807569
100000,10178331
15000000,56441711
80000000,82226474
50000000,58640119
50000000,48751189
25000000,54098051
2000000,12667
60000000,61123569
50000000,88715192
17000000,41778863
35000000,7459300
30000000,40435190
16800000,223202
11000000,355968
6000000,119452
2000000,3337931
40000000,659210
20000000,39143839
20000000,37442180
20000000,13395961
15000000,18844784
13000000,1151330
4700000,239962
350000,84689
53000000,33602376
40000000,53089891
40000000,15962471
15000000,21000147
12000000,6860000
20000000,34302837
14000000,4299773
10000000,80238724
35000000,11989328
20500000,20264436
12000000,65328121
10750000,3275443
3750000,539285
700000,2697938
450000,379418
102000000,167365000
85000000,198000317
14000000,11242801
12000000,5549923
4000000,4630045
3700000,2730296
80000000,64038616
51000000,35093569
35000000,10144010
9000000,14443
300000,33312
160000000,60674817
33000000,4283255
28000000,17326650
7000000,234750
5000000,4339241
1125000,6408
100000000,75030163
82500000,82985708
75000000,103365956
55000000,162586036
32000000,1308696
18900000,320700
24000000,70269899
19400000,8060487
13000000,13756082
45000000,6566773
6000000,3347411
110000000,250863268
65000000,43545364
76000000,35552383
27500000,17510118
63700000,2223293
30000000,3005605
16000000,37634615
3300000,19875
27500000,148761765
9000000,2956339
989000,8158
1000000,10787
20000000,39739367
17000000,35662731
15000000,3526588
39000000,42674040
16000000,35374833
7000000,1661464
85000000,33080084
60000000,168213584
15000000,9396870
1500000,19097550
151000000,319246193
150000000,126631277
100000000,130164645
27000000,7500310
40000000,50572589
120000000,115802596
25000000,82234139
32000000,35193167
13000000,11003643
10000000,20342161
35000000,43799818
130000000,227471070
25000000,13938332
16500000,18663911
5250000,769726
5000000,240425
6000000,25317
40000000,79123
20000000,47852604
14000000,12559771
8300000,1829142
60000000,47003582
35000000,54149098
20000000,19661987
15000000,20804166
8400000,1207007
1300000,635305
61000000,118594548
258000000,336530303
55000000,5755286
13000000,4857374
10000000,5490423
20000000,80818974
15500000,1237615
750000,5520368
16000000,23618786
10500000,11052958
10800000,399879
7400000,872643
47000000,15849032
21000000,36605602
20000000,8135024
2400000,1008849
40000000,25126214
1500000,194568
21500000,49033882
15000000,22441
500000,52850
7000000,143495265
150000,9445857
160000000,322719944
10000000,137221
8000000,127188
300000000,309420425
4000000,7006708
53000000,25031037
25000000,7164995
22000000,4398532
120000000,131921738
30000000,480314
20000000,25584685
8000000,298110
300000,70807
200000,1217
175000000,100289690
22500000,71985628
15000000,9176787
9000000,24538513
4000000,2426851
110000000,134529403
150000000,206445654
1900000,18435
48000000,53606916
40000000,876671
11000000,551002
10000000,900926
2000000,1134358
1500000,175281
205000000,70107728
30000000,50980159
800000,200433
85000000,119725280
75000000,118871849
40000000,3688560
2380000,327919
72500000,183135014
28000000,43107979
21600000,635733
7000000,5694308
2000000,1433319
100000000,58867694
85000000,117144465
15500000,10299782
7500000,17544812
6000000,13235267
80000000,15074191
67000000,5932060
20000000,8580428
17500000,121463226
25000000,33302167
25000000,22486409
13000000,3172382
10100000,1066555
2500000,72210
20000000,9534258
15000000,58269151
4500000,51957
50000000,27669725
2200000,388390
2000000,11284657
60000000,210614939
12000000,2201923
9000000,3438735
8500000,13610521
35000000,14998070
25000000,74273505
3000000,163069
50000000,17181265
45000000,24343673
32000000,10977721
23000000,6777741
10000000,268461
3500000,221096
45000000,50648679
30000000,3909149
25000000,35017297
20000000,18354356
16500000,11892415
72500000,47467250
22000000,90648202
15000000,4604982
12000000,214202
180000000,140125968
70000000,38634938
6400000,871577
30000000,39568996
27500000,9736045
19000000,20300218
16000000,3287315
10000000,952820
4600000,728
1000000,446165
600000,23616
10000000,63300095
3300000,8093373
20000000,18882880
15000000,28638916
8000000,458232
1500000,139084
150000000,292004738
17000000,275380
150000000,82195215
45000000,4617608
5000000,65388
85000000,127706877
25000000,31664162
20000000,4017609
17500000,39687694
13000000,49121934
13000000,25593755
9000000,6623082
14000000,5990075
8600000,14373825
80000000,15132763
14000000,61356221
55000000,16285240
28000000,28563179
15000000,55204525
12500000,5956480
150000000,256393010
55000000,217326974
20000000,15800078
250000,46026
75000000,66661095
35000000,18317151
30000000,53695808
10000000,6422
45000000,93466502
40000000,41797066
40000000,40412817
15000000,30226144
7300000,4443403
25000000,40222514
4000000,7159147
20000000,6575282
12000000,31418697
10000000,7570127
6500000,65281781
1600000,1060591
150000000,227946274
175000000,102491776
21000000,16289867
15000000,73548
1000000,2511476
2500000,13011160
30000000,76808654
25000000,80048433
22000000,20668843
4900000,15198
2000000,347578
1000000,274661
15000000,12898847
47500000,42754105
35000000,28687835
30000000,38233676
17000000,7070641
900000,1196321
186000000,318604126
40000000,46012734
7000000,2344847
2000000,1785505
92500000,71195053
82500000,81168265
17500000,58017783
7000000,32241649
6000000,7714996
2750000,952620
40000000,72266306
20000000,11175164
12000000,3950294
7500000,4151836
6250000,5488570
50000,251150
55000000,33479698
40000000,26814957
6000000,2077046
28000000,2775593
25000000,3073392
20000000,94514402
20000000,7013191
20000000,4442377
12000000,12796861
10000000,31487293
85000000,154529439
33000000,11008770
21000000,24850922
15000000,1294640
1700000,12590147
40000000,32862104
20000000,41975388
8000000,25928550
3000000,115879
850000,442638
35000000,81159365
35000000,26638520
25000000,10915744
10000000,6003262
250000,67665
20000000,26890041
58000000,31373938
37000000,48006762
25000000,17432844
10000000,866778
1000000,5505267
113500000,999811
18500000,6198883
55000000,52075270
30000000,63172463
30000000,16930884
12000000,303439
8000000,109045
500000,32033
30000000,60494212
25000000,4598506
23000000,10452
12000000,38108728
5000000,228830
45000000,15298133
6000000,36497
35000000,8050977
29000000,18622031
12000000,8195551
225000000,141621490
185000000,317023851
20000000,1031872
10000000,580862
4600000,434417
57500000,152647258
9000000,52597610
5000000,67505
130000000,215434591
90000000,100018837
18000000,5705761
8000000,1071240
27000000,44089964
26000000,87341380
5000000,4078607
137500000,134806913
60000000,64506874
200000,140016
80000000,130319208
62000000,32200122
10000000,17657973
2500000,1094998
180000000,223808164
75000000,134508551
105000000,94784201
20000000,30060660
20000000,206678
12000000,1506998
1500000,402858
150000000,180010950
40000000,12082391
28000000,67300955
12500000,9046156
8500000,140244
185000000,533345358
52000000,144130063
37000000,30105968
15000000,2203641
30000,243768
65000000,100468793
35000000,20982478
16000000,1477650
1900000,2962242
72500000,70231041
27500000,42436517
15000000,7800825
18000000,5700626
90000000,110461307
10000,401
35000000,30691439
25000000,14543943
16000000,23216709
8500000,35161554
15000000,6409528
65000000,36316032
25000000,48237389
23000000,11511323
9000000,4886216
22000000,23530831
45000000,22532572
20000000,14190901
6000000,4694491
4900000,617228
120000000,43945766
35000000,80277646
450000,13804
27000000,13848978
22000000,19528602
20000000,39263506
20000000,20211394
20000000,19219250
20000000,13252641
6537890,8744
80000000,101440743
45000000,7916887
14000000,266967
3400000,2926565
500000,33456317
67500000,39394666
38000000,7871693
37500000,9793406
12000000,31691811
200000,212989
200000,28835
32500000,34194407
300000,865695
35000000,40687294
27000000,1090947
25100000,25534493
19000000,8402485
11000000,37770162
55000000,35739802
30000000,15740721
20000000,4452423
20000000,3083538
11000000,90559416
10800000,56746769
4500000,2122085
2000000,55202
400000,655538
24000000,31457946
5000000,13442412
2500000,115504
2000000,7321
1500000,173066
240000,7484
60000000,4775656
15000000,12981269
20000000,26415649
18000000,43869350
4000000,9427026
82500000,75986503
60000000,11803254
45000000,101704370
3400000,12636
230000000,169368427
2500000,174255
150000000,114053759
37000000,192769854
1000000,7202
130000000,49554002
80000000,120146040
20000000,31841299
60000000,40081410
37000000,60355347
16000000,26902075
14000000,141319928
80000000,79366978
58000000,293708
40000000,915840
25000000,148095302
20000000,33446470
2600000,39127
6000000,26238243
60000000,50877145
54000000,69951824
50000000,97690976
160000000,127509326
90000000,83077762
80000000,110101975
60000000,143153751
60000000,19806188
2000000,2283849
45000000,22911480
16000000,31631
150000000,179883157
102500000,97104620
90000000,196573705
50000000,28644813
35000000,73034460
26000000,146336178
19000000,36843682
14000000,51545952
60000000,17303424
50000000,166003
35000000,45802315
750000,19367
25000000,145000989
8000000,16734283
3250000,3766810
23600000,75590286
18500000,18451251
15000000,13043363
7000000,9228788
50000000,25450527
17000000,65002019
12000000,3149034
6200000,1579146
20000000,17231291
17500000,90508336
50000000,9135036
500000,6840
85000000,155064265
9800000,16044025
50000000,67172594
15000000,32752215
6000000,4543320
5000000,12062558
60000000,40572825
50000000,79957634
40000000,71440011
2000000,30955
175000000,198351526
20000000,12234694
50000000,20534907
15000000,33862903
7500000,10823158
30000000,83823381
26000000,28544157
20000000,15988876
20000000,9208876
4300000,199228
60000000,37017955
40000000,64167069
20000000,13684249
2500000,80136
47000000,32011576
500000,15433
60000000,31720158
20000000,68261644
18000000,315000
100000000,49438370
35000000,277322503
21000000,9451946
17000000,8665206
150000000,133375846
20000000,3531756
200000000,125322469
150000000,177243721
25000000,25662155
14000000,2656784
1300000,695840
175000000,293004164
30000000,42100625
13000000,12749992
1500000,3865
60000000,75286229
40000000,93953653
38000000,31811527
6000000,1418304
138000000,107509799
190000000,137855863
25000000,15051977
24000000,32428195
10000000,47566524
10000000,26218170
60000000,43337279
40000000,163958031
15000000,5306706
800000,46742
210000000,402111870
27500000,49200230
23000000,2715657
15000000,17017811
3500000,27349
175000000,150201498
40000000,94125426
14000000,15515460
12000000,122558
250000000,301959197
150000000,119436770
38000000,88915214
20000000,41596251
3200000,2277396
72500000,51855045
45000000,25200412
9000000,148089
3000000,7712114
140000000,257730019
6000000,65108
4000000,294244
3000000,10027047
39000000,63414846
34000000,15090399
30000000,115646235
20000000,5210988
10000000,15122676
5000000,8297
70000000,120774594
20000000,20919166
19700000,476270
15000000,6380019
10000000,221805
29000000,7460204
40000000,66477700
15000000,33392973
10000000,19716
30000000,58715510
29000000,1733532
16000000,42670410
5000000,10572742
30000000,31749894
60000000,109205660
11400000,15000
10000000,141108
7500000,12574914
6400000,449865
1500000,52429
230000,104979
8500000,4444637
100000000,124870275
22000000,33316821
20000000,200730
18000000,22965110
16000000,16204793
1000000,1355079
20000000,14363397
80000000,38577772
40000000,10330853
23000000,6113834
18000000,22455510
7000000,1429299
450000,107918810
30000000,79576189
30000000,9362785
18000000,24007324
42000000,60054530
18000000,14800725
100000000,77233467
53000000,73357727
20000000,29062561
10000000,9069
65000000,19551067
40000000,14279575
40000000,14046595
15000000,102458
11000000,27693292
10000000,93388
60000000,72091016
9500000,113682
8000000,10273187
1000000,101215
35000000,10275638
19000000,51733921
12500000,11965282
160000,156612
95000000,44114232
60000000,37491364
7000000,9176000
1070000,164649
200000000,166112167
50000000,8017467
40000000,21002919
6500000,1109660
60000000,42194060
50000000,296623634
40000000,627047
35000000,255959475
25000000,1702112
2000000,17896
105000000,104400899
50000000,38122883
35000000,49492060
25000000,8114270
25000000,1190003
110000000,65452312
55000000,16123323
5000000,5010163
1000000,4417674
8500000,39471742
425000000,760507625
80000000,19676965
58000000,29580087
35000000,11001272
70000000,219614612
90000000,209028679
85000000,112735375
30000000,7689607
18000000,2222862
125000000,163214888
150000000,131772187
20000000,35606376
350000,246574
40000000,96962694
27000000,13261851
20000000,12134935
3000000,205842
2900000,101270
80000000,94835059
28000000,24307106
18000000,6617867
3000000,374675
48000000,60022256
31000000,12482741
26000000,40168080
9000000,208163
500000,3777210
60000000,43313890
2000000,102645
40000000,129078
20000000,60095852
9000000,70066
6000000,115862
6000000,13722
15000,115592
80000000,128012934
45000000,15541549
30000000,201857
10000000,109383
10000000,100688
3750000,44462
37000000,44875481
19000000,39123589
15500000,318623
13000000,2087720
1000000,621859
32000000,17804299
12500000,26593646
12000000,190946
1000000,11574
42000000,5666340
20000000,582024
13000000,106954678
13000000,2037459
45000000,67061228
32000000,13942007
15000000,64003625
9500000,3573673
6000000,6671283
165000000,217581231
36000000,50269859
13000000,3075255
7000000,46488
3000000,133411
20000000,62950384
75000000,47059963
50000000,33644788
40000000,61153526
30000000,17010170
12000000,550472
28000000,48071303
21000000,42739347
12500000,1089445
10000000,1475746
8300000,493296
3500000,6391436
80000000,19422319
35000000,37490007
25000000,23591432
10000000,128486
35000000,63075011
35000000,17630465
10100000,1183658
9900000,458054
7300000,1818681
3800000,20930
3000000,4033574
52000000,24077427
25000000,80014842
9000000,148826
200000000,334191110
17000000,27163593
8000000,690290
130000000,148415853
65000000,100539043
21000000,37729698
18000000,18335230
3750000,310007
210000000,105269730
30000000,53032453
12000000,21540363
9000000,883887
500000,12232
165000000,238736787
12500000,4360548
10000000,8525600
9200000,1685269
6600000,828
95000000,95347692
200000000,90759676
70000000,619423
42000000,1259693
5000000,6096582
4200000,101740
100000000,119219978
30000000,42400223
14000000,1755212
10000000,4803
200000000,415004880
47000000,10547117
13000000,217277
10000000,5005465
7000000,7468936
2500000,100280
117000000,76423035
75000000,162001186
14000000,403952
323000,110248
68000000,300531751
25000000,137885
170000000,312433331
7000000,1110509
160000000,63150991
160000000,292576195
5700000,30638
5600000,531806
130000000,118311368
15000000,26167002
4500000,281447
4500000,32961
85000000,45539292
69000000,73026337
44000000,31206263
7000000,9176933
7000000,453377
20000000,30101577
19000000,25918920
18000000,15285588
38000000,53374681
35000000,59699513
25000000,14744435
22000000,1810078
8000000,6363628
2000000,4311834
1900000,1445366
1750000,93051
85000000,31611316
82000000,103068524
60000000,80574010
4200000,1044039
20000000,36661504
35000000,29197642
24000000,25003155
19000000,27758465
18000000,4806750
17000000,24719879
4900000,276901
32000000,57744720
15000000,123570
2000000,10024
1800000,41034350
55000000,98711404
4500000,108596
3000000,2848587
2500000,118666
1900000,406216
69000000,251513985
40000000,52000688
5600000,27766
4000000,20811365
15000000,2434652
37000000,92186262
20000000,25107267
10000000,33679655
8000000,58401464
6800000,6857096
15000000,3247816
100000000,55675313
70000000,52474616
20000000,25702053
16000000,337997
2000000,636706
1987650,1044143
57500000,60128566
6750000,113568
5000000,127564
40000000,31011732
155000000,104386950
100000000,67631157
20000000,277943
11000000,93617009
60000000,90380162
50000000,32746941
20000000,117229692
18000000,145526
12500000,6797696
1600000,2595644
400000,433588
30000,9812
3000000,84752907
17000000,45710178
10000000,152857
8000000,109338
500000,237301
110000000,77222099
40000000,176591618
2000000,6531503
2000000,7294
125000000,295983305
30000000,21148651
8000000,1095369
260000000,200821936
90000000,195459
55000000,39440655
30000000,32367005
24000000,23240020
15000000,138797449
150000000,62189884
95000000,88768303
52000000,110485654
8470000,4046336
100000000,35497337
20000000,32010860
16000000,19068240
14000000,20255281
40000,25572
95000000,81562942
10000000,21416355
50000,391674
200000000,172062763
120000000,30212620
80000000,100246011
12500000,2039869
5000000,2229058
100000000,148438600
35000000,171243005
15000000,20218921
7000000,1785645
112000000,42779261
17000000,2231474
8000000,3205706
1000000,9737892
63000000,108085305
32000000,54712227
13400000,164247
5500000,1008098
4000000,120016
2500000,327716
1500000,54009150
500000,100370
30000000,35608245
20000000,23186769
1000000,48764
110000000,98780042
70000000,48475290
30000000,7502560
3800000,41914
25000000,70662220
42500000,29121498
37000000,33047633
35000000,5101237
25000000,18877153
5000000,17686929
4500000,1400726
6500000,4002293
50000000,55100437
40000000,63686397
32000000,37915414
68000000,45060734
50000000,10721033
5000000,3954651
200000,2430735
160000000,146408305
3200000,5790894
1900000,467602
40000000,58009200
40000000,37412945
27000000,79249455
5800000,542860
75000000,36392502
18000000,52698535
6000000,408159
30000000,23209310
16000000,37300107
135000000,123257581
50200000,62495645
19000000,6928068
17000000,27865571
6000000,129210
85000000,78046570
20000000,35061031
15000000,30680
90000000,143619809
40000000,38180928
25000000,11538204
38000000,58709717
25000000,53345287
5200000,564489
4000000,33245
1800000,638476
125000000,209837675
30000000,10143779
20000000,1186538
8000000,10130219
93000000,176760185
52000000,37081475
60000000,29136626
32500000,169106725
7000000,382946
5000000,2712131
2450000,180237
250000000,241063875
30000000,56816662
150000000,165249063
80000000,254464305
35000000,13305665
150000000,181030624
36000000,1069334
35000000,39046489
21000000,970816
7000000,37295394
3000000,703372
200000000,116601172
55000000,68224452
4000000,1430241
200000000,191450875
19000000,100292856
10000000,1759252
4600000,514237
195000000,352390543
40000000,24827228
110000000,85463309
30000000,135739
23000000,40962534
4500000,200558
125000000,381011219
30000000,26692846
6000000,1348205
5500000,28468
140000000,176654505
35000000,55802754
14500000,7691700
175000,1321194
163000000,100240551
110000000,142614158
50000000,84351197
19100000,1361512
13000000,1024175
6000000,5359774
1000000,568662
560000,3709
50000000,21596445
40000000,33035397
30000000,40259119
18000000,43853424
2000000,977772
80000000,80360866
35000000,117538559
500000,1131261
90000000,21295021
30000000,18298649
27000000,38536376
15000000,13843771
12000000,17479
4500000,707885
2900000,20778
1500000,184705
1800000,841056
40000000,36665854
25000000,24046682
11000000,229653
5000000,24814830
2300000,29384
900000,454121
20000000,31177548
60000000,75658097
25000000,13657115
10000000,2529395
3000000,331000
3000000,5073
750000,7706436
35000000,37306030
26000000,54544638
25000000,30542576
21000000,24149393
12000000,16311571
25000000,10324441
24000000,9659074
15000000,35060689
8000000,163753
7200000,59774
70000000,25124986
50000000,75605492
37000000,72286779
35000000,28087155
30000000,538690
4000000,1065429
190000,484592
50000000,21302340
20000000,14011084
14000000,47185
8000000,35016118
5000000,223838
4750000,1728953
2000000,34522221
50000000,127004179
3500000,253444
25000000,169705587
41000000,7204138
38000000,16928670
35000000,16816
24000000,51802742
8000000,36884
90000000,20377913
45000000,8305970
7000000,1891936
5500000,611709
5000000,104028807
3400000,5353586
1000000,2981038
130000000,149260504
45000000,13109815
35000000,37553932
27500000,4463292
250000,3395391
80000000,103028109
36000000,99967670
25000000,19490041
13000000,73013910
10000000,6861102
1500000,362239
1200000,7826
40000,3632
150000000,21392758
70000000,83552429
42000000,37662162
12000000,1188194
300000,39475
79000000,74158157
75000000,83504017
9400000,3030848
20000000,82624961
135000000,64006466
127500000,281287133
4000000,9120
180000000,73864507
85000000,46462469
45000000,88625922
20000000,5702083
10000000,14597405
16000000,44667095
40000000,42587643
28000000,37053924
9000000,11862398
145000000,209397903
125000000,186848418
80000000,133107389
25000000,2546747
90000000,102515793
130000000,77591831
7500000,3014696
50000000,75624550
13000000,303877
70000000,79883359
40000000,31847881
34800000,21443494
800000,7098492
170000000,155136755
12000000,5669081
1200000,26608
1000000,96734
135000000,187168425
27500000,30932113
25000000,66528000
14000000,29959436
7000000,1738692
3000000,18000
9000,4584
100000000,311434
70000000,62321039
58000000,49876377
23000000,18942396
10000000,749641
42000000,26414527
42000000,18620000
25000000,51580136
67500000,214030500
12000000,54731865
3000000,201436
165000000,189412677
31000000,93772375
16000000,3361
15000000,15634090
65000000,54760791
57000000,51774002
23000000,19192510
32500000,17288155
14000000,35025791
12000000,70012847
40000000,20157300
15000000,54333290
12000000,64575175
800000,29063
750000,78396
220000000,262030663
125000000,58877969
22000000,49008662
840000,3103407
42000000,138447667
10000000,4269426
6000000,5909483
80000000,408010692
1100000,4105123
1000000,5355847
150000000,83670083
85000000,64935167
225000000,623279547
12500000,10011
10000000,46383639
30000000,44338224
30000000,42073277
20000000,14326865
1200000,595018
930000,30905
25000000,60457138
12000000,91547205
12000000,793352
55000000,31051126
33000000,17142080
30000000,28700285
26000000,16008272
6000000,9204489
5250000,1200010
900000,7396
135000,408015
12000000,25326071
45000000,139854287
39000000,35287788
12500000,677200
8000000,100915
5800000,15091
65000000,59650222
209000000,65233400
37500000,41152203
8900000,176988
1100000,56491
215000000,179020854
16000000,45512466
10800000,13182281
1000000,18119640
1000000,53262945
50000000,56758835
3000000,1007535
45000000,47323100
70000000,38518613
57500000,36931089
120000,1597486
185000000,237282182
67500000,37519139
21500000,16684352
10000000,7078738
1800000,12795746
50000000,218665740
20000000,65653242
16000000,12431792
7000000,113721571
20000000,3763583
6000000,11494838
5700000,35955
3000000,446770
6000000,66351
5600000,385422
95000000,161321843
17700000,49521
2500000,33349941
275000000,448139099
225000,1109276
55000000,34353000
33000000,35074677
10000000,1291645
145000000,216391482
125000000,126477084
750000,4010957
30000000,63536011
200000000,304360277
40000000,51853450
100000000,85028192
60000000,56003051
10000000,24397469
4900000,95933
2500000,3317468
270000,319285
22000000,13749300
35000000,20275446
25000000,205505
17000000,4936819
4000000,2672413
26000000,37397291
20000000,1065907
14000000,49130588
850000,1251749
275000000,73058679
40000000,18450127
2000000,12739737
65000000,182207973
24200000,17000
300000,17241
65000000,42345531
37500000,16247159
35000000,289773
12000000,7919574
4600000,2804874
60000000,35763137
45000000,13414714
15000000,41003371
13000000,17742948
6900000,31611916
85000000,148313048
30000000,66486205
19000000,5310554
17000000,65001093
500000,134109
85000000,126181630
79000000,103860290
30000000,125014030
125000000,113203870
95000000,86907746
4000000,641054
35000000,25888412
5000000,53900335
2000000,17061
1000000,6002451
102000000,27108272
20000000,17530219
20000000,6002756
14000000,9409538
2000000,2436
150000000,79727149
4300000,188870
9200000,3047539
136200000,292324737
49000000,12816367
21000000,132092958
11000000,61611
145000000,103412758
120000000,124987022
65000000,44806783
19500000,2061449
15000000,14945541
10000000,6810754
44500000,136025503
42000000,45290318
13500000,15024049
10000000,3336053
3000000,48086903
200000,236806
250000000,303003568
52500000,95720716
40000000,37134215
9700000,6738954
60000000,80070736
40000000,19019882
35000000,67544505
25000000,12512862
100000000,162805434
65000000,148809770
25000000,77267296
55000000,9489829
30000000,66380662
1500000,2408553
195000000,65187603
18000000,1034589
13000000,25682380
12500000,292562
12000000,1703125
4500000,26345
4000000,15179303
2500000,549632
110000000,61737191
55000000,55750480
12000000,15323921
5000000,27298285
35000000,19701164
30000000,12050299
15000000,71628180
50000000,55703475
35000000,17616641
10000000,8840453
60000,4917
28000000,63914167
275000000,89302115
61000000,75612460
2500000,6852971
250000,59671
92000000,67349198
50000000,19452138
28000000,71399120
40000000,57012977
15000000,42930462
4000000,4327
3500000,17418667
200000000,408992272
10000000,1930282
10000000,173472
76000000,368065385
2500000,32244051
50000000,102118
32000000,22537881
12800000,51872378
5000000,14124286
70000000,98927592
25000000,720828
13000000,18007317
140000000,122523060
50000000,26623701
15000000,21403519
20000000,34341945
15000000,7597898
110000000,274092705
30000000,19316646
1700000,2507159
22000000,11330849
500000,152449
120000000,89107235
1500000,1165881
1250000,2850357
1200000,2859955
32500000,21819348
26000000,49875291
15000000,528731
10000000,21590086
17000000,54239856
16000000,2322593
1400000,1632
900000,6997
5000000,21502690
190000000,228778661
3450000,687185
3000000,4067398
103000000,112200072
160000000,238679850
100000000,107518682
3000000,8110621
130000000,60522097
75000000,117723989
8300000,3827466
6500000,2274649
38000000,42025135
15000000,61847
11000000,13248209
10600000,24084
225000000,291045518
1000000,4946250
200000000,268488329
190000000,202359711
150000000,73103784
43000000,159581587
23000000,36686
500000,1778
58000000,44672764
3000000,64473115
90000000,68559554
37000000,150394119
135000000,83028130
130000000,33618855
84000000,53262560
20000000,137400141
4800000,775849
1000000,486919
115000000,132556852
18000000,33404871
1500000,3491669
110000000,71017784
35000000,134506920
30000000,32172757
1900000,222098
200000000,234770996
30000000,10895295
150000000,206362140
19000000,21488481
40000000,7388654
30000000,116632095
28000000,28795985
18000000,16131410
5000000,391611
2500000,35017
60000000,31165421
38600000,6594959
20000000,26004851
500000,343706
175000,2602
18000000,10501938
10000000,28873374
5000000,44467206
120000000,93050117
50000000,90282580
30000000,36918811
5000000,83586447
2000000,3080
8000000,17550872
46000000,61002302
38000000,26947624
20000000,8888355
78000000,119793567
18000000,3419967
8500000,21569509
5500000,24477704
190000000,144840419
15000000,9177065
70000000,25135965
30000000,35266619
26000000,3254172
20000000,56671993
8500000,6263670
25000000,16973715
15000000,102003019
60000000,46000903
11000000,18388357
2500000,40041683
55000000,107136417
20000000,8008161
5250000,2450504
650000,171962
17000000,70525195
12000000,17654912
12000000,2883879
7000000,1632000
150000000,400738009
130000000,424668047
22000000,30659817
12000000,37709979
22000000,20158492
17500000,7018188
35000000,8323085
40000000,95020213
20000000,32015787
32000000,101470202
190000000,101802906
80000000,133668525
900000,16098998
250000000,258366855
40000000,150117807
35000000,83299761
25000000,52543354
50000000,127352707
80000000,36076121
175000000,38362475
100000000,116900694
91000000,58236838
40000000,29807260
25000000,37738810
170000000,333172112
30000000,30569935
16000000,705908
60000000,50577412
30000000,64251538
25000000,134202565
7000000,15821461
65000000,19075290
18000000,13371528
8000000,26068955
7000000,523511
200000000,202853933
2600000,3827060
600000,42557
30000000,30577122
20000000,84525432
13000000,38934842
60000000,12600231
20000000,23438250
13000000,48637684
80000000,23169033
28000000,30697999
50000000,91742160
22000000,59700064
1700000,4231500
5000000,32462372
61000000,167767189
16000000,14019924
6500000,84273813
1400000,260441
15000000,37880356
66000000,43568507
10000000,7779614
6000000,3322127
200000,3648
85000000,150947895
55000000,51178893
26000000,42472
10000000,1069454
1150000,60755732
100000,59424
130000000,101200044
35000000,10508518
300000,3496
170000000,259746958
13300000,2614251
4500000,11774
12000000,91386097
100000000,23022309
4000000,17329487
40000000,83911193
28000000,20396829
420000,258384
34000000,4091
2300000,59696
165000000,188017894
160000000,200676069
25000000,36447959
16000000,2013456
200000000,233921534
45000000,46290741
180000000,241407328
40000000,42720965
44000000,6105175
178000000,100206256
12000000,124872350
1000000,3122616
250000,18823
145000000,177002924
50000000,191719337
8500000,1109199
1300000,11278
100000,20056
40000000,47047013
24000000,65028687
210000000,245439076
40000000,4563029
8000000,16170632
70000000,78031620
60000000,257784718
145000000,111506430
110000000,106580051
31000000,59076019
4000000,385069
165000000,222527828
15000000,35893537
10000000,67657
50000000,59157732
40000000,38543473
9000000,71562550
6000000,3591299
1000000,336472
100000000,72688614
40000000,126573960
18000000,15160801
15000000,17237855
70000,30312
125000000,191204754
50000000,47602194
22000000,54235441
17000000,82390774
100000000,39322544
25000000,45090374
3000000,78948
250000,12848
65000000,13757804
15000000,30127963
11000000,50474843
15000000,25018119
5000000,21222315
750000,59656
70000000,8462347
18000000,150086800
5000000,10429707
1000000,767732
34000000,102427862
28000000,26017685
20000000,34296320
3000000,1821983
2000000,72277
800000,35688
60000000,50837305
55000000,101530738
5000000,340911
1600000,15600
70000000,18848538
40000000,125095601
23000000,25568251
500000,1822
70000000,55991880
50000000,47119388
28000000,66954149
13000000,44137712
5000000,17390770
5000000,2450846
3300000,13092006
2000000,6047363
25000000,33680992
80000000,85755593
50000000,50151543
26000000,26766213
18000000,42340598
5000000,56001
1000000,9837
30000000,43037835
5000000,50856010
1000000,549185
22000000,3242457
8500000,32381218
130000000,131538435
25000000,28842237
18000000,4438438
5000000,27695246
4000000,373375
170000000,208545589
4000000,25379975
450000,13486
40000000,86208010
16000000,2429989
10000000,3128941
7000000,14618727
125000000,337135885
1100000,2636
132000000,83350911
40000000,54445357
15000000,91125143
1000000,288757
120000000,58607007
36000000,42024533
13200000,52543632
12600000,10724389
5000000,851690
1000000,5284309
550000,9111
140000000,65014513
20000000,8110975
12000000,25317379
250000000,255119788
127000000,113746621
65000000,85911262
14000000,3958546
65000000,115637895
58000000,350126372
50000000,128002372
10000000,14482031
10000000,388
20000000,5749134
11000000,33307793
250000000,459005868
155000000,89760956
14500000,66013057
70000000,7889395
55000000,76223578
23000000,64460211
5000000,18656400
60000000,7696134
6000000,32251
5500000,24956
4900000,3498695
4000000,35423380
30000000,3200
12000000,22348241
9000000,21571189
7000000,31443
4000000,154356
1300000,288751
108000000,228433663
50000000,46425
7000000,546201
94000000,128261724
40000000,166167230
2000000,147299
1000000,15156
17000000,44480275
14000000,12314651
8500000,34030343
65000000,53862963
5000000,25801570
4000000,20620
180000,17503
190000000,351032910
30000000,32363404
95000000,201151353
50000000,26461644
10000000,11894
2000000,14674077
110000000,130179072
40000000,10664749
10000000,5637066
2300000,12985600
130000000,177397510
40000000,90411453
10000000,7582065
65000000,74070
22000000,16029670
3000000,37151
11000000,38322743
15000000,42725475
7700000,5336
50000000,1224330
38000000,71038190
1000000,32482090
150000,7193
30000000,42629776
25000000,129115
22500000,4200117
20000000,6485961
1900000,478595
65000000,110825712
30000000,918
10000000,52218558
25000000,19375982
150000000,153636354
29000000,183785415
5000000,7556
1000000,1036
170000000,93436322
35000000,47425125
8000000,53086
600000,3301
110000000,155190832
37000000,21052030
179000000,47482519
95000000,17223265
74000000,162994032
49000000,31569268
35000000,10219501
10000000,33078266
1500000,113169
300000000,200074175
99000000,130178411
20000000,45055776
175000000,356461711
7000000,17506470
4000000,132270
200000,1109808
68000000,81284830
20000000,42656255
17000000,195792
2000000,45431
120000000,56117548
18000000,26822144
5000000,43787265
2000000,1477002
130000000,180202163
35000000,110038130
75000,8799
90000000,78747585
30000000,52421953
13000000,1784763
12000000,32000304
31000000,58884188
150000000,195042377
33000000,176847
1000000,101531
50000,8374
35000000,34580201
9000000,1242
4500000,187112
75000000,45445109
28000000,161058685
13000000,656688
35000000,22467450
28000000,14439985
10000000,27740955
150000,5858
5000000,27288872
3000000,67790117
2000000,3591417
1200000,376976
850000,3256
48000000,89256424
20000000,52076908
150000000,35088320
30000000,17766658
12000000,17484
65000000,43309450
61000000,81697192
53000000,62575678
30000000,46889293
2000000,2583301
1200000,4254
80000000,169700110
40000000,75764672
1000000,7192291
1500000,2105
35000000,10137502
34000000,37446117
13000000,25440971
4000000,155271
1000000,6870
74000000,336045770
40000000,6738000
26000000,12279691
10000000,17472
100000,22764410
58000000,80069458
55000000,31090320
40000000,72313754
15000000,632542
13000000,14677674
80000000,27367660
14000000,4702420
10000000,18297124
5000000,2184640
300000,1711
28000000,7002261
20000000,13651946
20000000,55039
15000000,3703046
18000000,57017904
5000000,65112020
5000000,4816142
12000000,14616
100000000,25020758
28000000,70259870
25000000,12227722
20000000,2246000
20000000,538460
18000000,26302731
8900000,50136
160000000,281723902
25000000,43035725
25000000,1872994
20000000,20180155
450000,41260
187500000,123087120
40000000,5775076
37000000,109767581
215000000,652198010
8000000,6758416
306000000,936662225
90000000,85886987
30000000,87044645
100000000,28782481
62000000,54117416
60000000,56451232
50000000,150357137
35000000,34531832
8000000,3759286
5000000,20773069
900000,9097072
180000000,126643061
140000000,55483770
10000000,79042440
50000000,52853219
40000000,90862685
18000000,17062499
56000000,32766
38000000,34912982
36000000,2679437
11500000,35593113
10000000,35819556
140000000,143528619
70000000,27569558
25000000,1513793
5000000,11686940
20000000,12545979
8000000,3915251
9000000,13960394
60720000,3229457
20000000,36880033
5000000,19115191
3500000,25138705
140000000,31153464
23000000,15789389
20000000,12639297
135000000,82051601
20000000,56245075
20000000,9496130
3500000,29233
170000,166425
13000000,61705123
110000000,66184051
18000000,3712282
250000000,330360194
18000000,59689605
10000000,3400278
150000000,341268248
60000000,62524260
35000000,23083334
165000000,232641920
125000000,153707064
40000000,67209615
175000000,364001123
31500000,14708696
20000000,54030051
5000000,3220371
115000000,48003015
3000000,3127773
1500000,510957
20000000,8813410
15000000,20591853
60000000,709982
28000000,10907291
22000000,30080225
175000000,325100054
12700000,1022720
27000000,41012075
4000000,10753574
73000000,107509366
50000000,36261763
35000000,55340730
178000000,155442489
170000000,77042381
250000000,408084349
9000000,248795
200000000,486295561
50000000,127440871
165000000,103144286
50000000,20810036
13000000,55121623
7500000,1333124
3000000,4210454
2500000,5205471
45000000,75395035
10000000,15861566
8500000,20007149
47500000,15436808
144000000,128350574
5000000,13099931
185000000,158848340
105000000,64063008
5000000,67268835
3000000,4417983
20000000,38583626
120000000,162192920
20000000,113257297
135000000,183637894
10000000,26594261
3500000,182695
29000000,63077560
1000000,231738
75000000,368384330
33000000,46009673
95000000,26410477
55000000,48023088
50000000,43034523
20000000,4712792
10000000,89217875
9000000,2000093
60000000,125070033
10000000,29747603
10000000,150191
45000000,54767494
20000000,151101803
50000000,21587519
35000000,24139805
10000000,20777061
90000000,93427848
70000000,72679278
11900000,2022115
156000000,61433527
110000000,87242834
160000000,47225655
90000000,65075540
40000000,102470008
17000000,1361045
40000000,86260045
10000000,23591043
2100000,3330
60000000,58697076
20000000,73206343
9000000,35144505
1500000,27854931
1500000,2082980
75000000,34355263
35000000,6864016
16800000,6469813
13000000,18704596
5000000,72082999
5000000,9669521
1000000,63014
47000000,100546139
40000000,1738477
17000000,42065185
10000000,6900335
180000000,234037575
22500000,10663357
16000000,5083906
9000000,14431633
8500000,47695371
8000000,82703
150000000,248757044
26700000,3652206
18000000,3500605
12000000,51728731
77500000,1311213
58000000,363070709
50000000,28848693
37000000,46843513
65000000,76233151
29000000,27383770
19000000,97670358
12000000,27007844
200000000,532177324
36000000,31016021
125000000,54647948
110000000,100014092
75000000,270329045
40000000,31886361
46500000,7100177
38000000,60323786
65000000,10378555
25000000,169374490
125000000,33370166
7400000,22395806
85000000,44898413
15000000,12786243
5000000,138141585
40000000,26844692
25000000,64321890
27000,3547
150000000,395674792
38000000,72498466
150000000,45157105
25000000,32187017
60000000,9420546
29200000,2280004
21000000,557241
5000000,175484140
25000000,27793018
2000000,35312
127000000,226277068
160000000,504014165
18000000,2395410
5000000,10166820
120000000,85364450
58000000,30223972
25000000,18600152
125000000,174678355
110000000,40563557
250000000,225764765
90000000,8224288
12000000,11368012
10000000,1799322
30000000,18985794
20000000,587470
18000000,20497844
200000000,387805844
22000000,20710572
10000000,34121140
60000000,58060186
230000000,171037086
43000000,3740823
45000000,44900235
20000000,21906917
217000000,128866562
34000000,92558357
75000000,231351340
40000000,24938902
60000000,45011202
24000000,45018541
175000000,279991585
152000000,120086079
12000000,12929463
180000000,31023132
150000000,104641608
28000000,67206670
50000000,27365212
30000000,20095325
1000000,130874
195000000,79741080
5000000,13845101
80000000,175750384
55000000,114434010
40000000,92029184
185000000,168052812
175000000,39175066
42000000,45850343
